{
    "USRER-001": "User List",
    "USRER-002": "Wallet address",
    "USRER-003": "time",
    "USRER-004": "time-on",
    "USRER-005": "End Time",
    "USRER-006": "amount of money",
    "USRER-007": "current state",
    "USRER-008": "Identity of the seller",
    "USRER-009": "Settlement ratio",
    "USRER-010": "commission rate",
    "USRER-011": "operate",
    "USRER-012": "Please enter the system name",
    "USRER-013": "Please enter the system value",
    "USRER-014": "Please enter a comment",
    "USRER-015": "Successfully set",
    "USRER-016": "not active",
    "USRER-017": "Active",
    "USRER-018": "buyer",
    "USRER-019": "Seller"
}