{
    "USRER-001": "用户列表",
    "USRER-002": "钱包地址",
    "USRER-003": "时间",
    "USRER-004": "开始时间",
    "USRER-005": "结束时间",
    "USRER-006": "金额",
    "USRER-007": "当前状态",
    "USRER-008": "卖家的身份",
    "USRER-009": "结算比例",
    "USRER-010": "佣金比例",
    "USRER-011": "操作",
    "USRER-012": "请输入系统名称",
    "USRER-013": "请输入系统值",
    "USRER-014": "请输入备注",
    "USRER-015": "设置成功",
    "USRER-016": "未激活",
    "USRER-017": "已激活",
    "USRER-018": "买家",
    "USRER-019": "卖家"
}